{
  "dataset": "browsecompplus",
  "total_queries": 830,
  "train_queries": 664,
  "test_queries": 166,
  "sft_queries": 199,
  "rl_queries": 465,
  "sft_ratio": 0.2996987951807229,
  "rl_ratio": 0.7003012048192772,
  "sft_query_ids": [
    "100",
    "1010",
    "1016",
    "1022",
    "1023",
    "1026",
    "1033",
    "1046",
    "1049",
    "1055",
    "1068",
    "107",
    "1071",
    "1089",
    "1090",
    "1098",
    "1108",
    "1117",
    "1118",
    "1122",
    "113",
    "1134",
    "1138",
    "1139",
    "1148",
    "1158",
    "116",
    "1172",
    "1176",
    "1184",
    "1188",
    "120",
    "1210",
    "1218",
    "122",
    "1228",
    "1233",
    "1235",
    "1237",
    "124",
    "1240",
    "1243",
    "1247",
    "1249",
    "125",
    "1258",
    "1260",
    "1266",
    "138",
    "15",
    "155",
    "170",
    "177",
    "178",
    "183",
    "194",
    "20",
    "201",
    "203",
    "206",
    "209",
    "216",
    "226",
    "233",
    "242",
    "256",
    "265",
    "268",
    "27",
    "276",
    "293",
    "299",
    "304",
    "315",
    "327",
    "328",
    "337",
    "349",
    "372",
    "376",
    "380",
    "383",
    "402",
    "406",
    "408",
    "409",
    "41",
    "410",
    "411",
    "416",
    "421",
    "424",
    "429",
    "433",
    "435",
    "436",
    "442",
    "449",
    "46",
    "467",
    "471",
    "473",
    "483",
    "485",
    "486",
    "487",
    "493",
    "497",
    "498",
    "5",
    "503",
    "506",
    "507",
    "512",
    "513",
    "517",
    "520",
    "53",
    "540",
    "560",
    "563",
    "568",
    "570",
    "571",
    "575",
    "577",
    "584",
    "588",
    "59",
    "590",
    "591",
    "592",
    "593",
    "594",
    "611",
    "618",
    "62",
    "631",
    "637",
    "651",
    "655",
    "661",
    "665",
    "669",
    "673",
    "679",
    "682",
    "703",
    "707",
    "709",
    "714",
    "719",
    "723",
    "724",
    "737",
    "738",
    "744",
    "768",
    "769",
    "771",
    "786",
    "788",
    "791",
    "792",
    "793",
    "801",
    "806",
    "814",
    "815",
    "82",
    "827",
    "828",
    "833",
    "851",
    "870",
    "872",
    "882",
    "886",
    "89",
    "895",
    "896",
    "90",
    "915",
    "916",
    "919",
    "926",
    "927",
    "930",
    "932",
    "944",
    "948",
    "951",
    "96",
    "960",
    "961",
    "966",
    "968",
    "981",
    "996"
  ],
  "rl_query_ids": [
    "1",
    "10",
    "1000",
    "1002",
    "1003",
    "1005",
    "1007",
    "1008",
    "1015",
    "1018",
    "1019",
    "102",
    "1020",
    "1021",
    "1025",
    "1027",
    "1028",
    "103",
    "1032",
    "1035",
    "1037",
    "1038",
    "1039",
    "1040",
    "1041",
    "1042",
    "1043",
    "1044",
    "1045",
    "1047",
    "1052",
    "1057",
    "1058",
    "106",
    "1060",
    "1061",
    "1062",
    "1063",
    "1066",
    "1072",
    "1073",
    "1076",
    "1078",
    "1081",
    "1082",
    "1083",
    "1091",
    "1092",
    "1093",
    "1094",
    "1095",
    "1099",
    "11",
    "110",
    "1101",
    "1103",
    "1105",
    "1107",
    "111",
    "1119",
    "1124",
    "1126",
    "1131",
    "1133",
    "1135",
    "1142",
    "1147",
    "1150",
    "1152",
    "1153",
    "1155",
    "1161",
    "1162",
    "1163",
    "1167",
    "1169",
    "1174",
    "1177",
    "1179",
    "1182",
    "1185",
    "1187",
    "119",
    "1192",
    "1193",
    "1194",
    "1196",
    "1198",
    "12",
    "1200",
    "1201",
    "1203",
    "1204",
    "1206",
    "1208",
    "1209",
    "1212",
    "1214",
    "1215",
    "1219",
    "1220",
    "1221",
    "1222",
    "1223",
    "1225",
    "1226",
    "1227",
    "1230",
    "1231",
    "1232",
    "1234",
    "1236",
    "1238",
    "1239",
    "1242",
    "1246",
    "1250",
    "1252",
    "1253",
    "1254",
    "1259",
    "126",
    "1262",
    "1263",
    "1264",
    "1265",
    "127",
    "130",
    "134",
    "149",
    "156",
    "160",
    "161",
    "165",
    "166",
    "171",
    "174",
    "176",
    "179",
    "18",
    "180",
    "181",
    "184",
    "186",
    "190",
    "192",
    "196",
    "199",
    "202",
    "205",
    "210",
    "211",
    "215",
    "219",
    "23",
    "234",
    "235",
    "236",
    "238",
    "239",
    "241",
    "244",
    "245",
    "246",
    "248",
    "249",
    "25",
    "250",
    "251",
    "253",
    "255",
    "257",
    "261",
    "262",
    "263",
    "264",
    "266",
    "267",
    "270",
    "275",
    "278",
    "279",
    "280",
    "282",
    "283",
    "284",
    "285",
    "286",
    "287",
    "291",
    "294",
    "295",
    "297",
    "298",
    "3",
    "301",
    "303",
    "305",
    "308",
    "309",
    "310",
    "311",
    "314",
    "317",
    "320",
    "322",
    "323",
    "33",
    "331",
    "333",
    "335",
    "342",
    "347",
    "350",
    "351",
    "353",
    "356",
    "357",
    "36",
    "364",
    "366",
    "37",
    "370",
    "377",
    "387",
    "389",
    "39",
    "390",
    "391",
    "392",
    "393",
    "401",
    "403",
    "413",
    "414",
    "417",
    "420",
    "426",
    "427",
    "428",
    "432",
    "434",
    "438",
    "443",
    "445",
    "446",
    "450",
    "454",
    "468",
    "470",
    "472",
    "478",
    "481",
    "484",
    "490",
    "491",
    "494",
    "495",
    "496",
    "499",
    "50",
    "500",
    "501",
    "505",
    "51",
    "511",
    "516",
    "52",
    "521",
    "523",
    "524",
    "527",
    "528",
    "529",
    "530",
    "532",
    "533",
    "534",
    "535",
    "537",
    "538",
    "539",
    "54",
    "542",
    "543",
    "544",
    "546",
    "548",
    "549",
    "55",
    "550",
    "551",
    "552",
    "553",
    "556",
    "558",
    "56",
    "561",
    "569",
    "576",
    "58",
    "580",
    "581",
    "582",
    "583",
    "587",
    "595",
    "596",
    "598",
    "599",
    "6",
    "600",
    "601",
    "602",
    "603",
    "607",
    "61",
    "619",
    "620",
    "621",
    "624",
    "627",
    "628",
    "629",
    "63",
    "630",
    "635",
    "636",
    "639",
    "64",
    "642",
    "644",
    "645",
    "650",
    "652",
    "662",
    "664",
    "666",
    "67",
    "670",
    "671",
    "674",
    "675",
    "678",
    "684",
    "685",
    "686",
    "69",
    "692",
    "694",
    "695",
    "696",
    "70",
    "700",
    "701",
    "702",
    "71",
    "710",
    "711",
    "713",
    "715",
    "716",
    "717",
    "718",
    "72",
    "720",
    "725",
    "726",
    "728",
    "729",
    "730",
    "731",
    "735",
    "739",
    "74",
    "741",
    "745",
    "746",
    "753",
    "756",
    "757",
    "758",
    "759",
    "761",
    "764",
    "770",
    "773",
    "774",
    "775",
    "776",
    "778",
    "781",
    "783",
    "784",
    "785",
    "79",
    "794",
    "796",
    "798",
    "8",
    "800",
    "802",
    "804",
    "81",
    "810",
    "816",
    "819",
    "820",
    "821",
    "822",
    "823",
    "83",
    "832",
    "835",
    "836",
    "838",
    "843",
    "844",
    "847",
    "85",
    "850",
    "852",
    "854",
    "856",
    "86",
    "861",
    "863",
    "864",
    "865",
    "867",
    "87",
    "871",
    "875",
    "883",
    "884",
    "887",
    "897",
    "898",
    "904",
    "906",
    "907",
    "909",
    "910",
    "92",
    "921",
    "922",
    "923",
    "928",
    "942",
    "946",
    "95",
    "950",
    "952",
    "963",
    "97",
    "970",
    "971",
    "978",
    "979",
    "980",
    "984",
    "986",
    "991",
    "992",
    "999"
  ],